Organization,Mission,Location,Phone,Email,Serves,Website,Affiliation,Need
Little Tokyo Service Center,A Community Development Corporation to meet the critical needs of people and build community.,"231 E. Third St., Suite G-106, Los Angeles, CA 90013 ",(213) 473-3030,,"children, homeless",http://www.ltsc.org/,Asian-American,"Cars, Money "
Reading to Kids,Dedicated to inspiring underserved children with a love of reading.,"1600 Sawtelle Blvd., Suite 210, Los Angeles, CA 90025 ",(310) 479-7455,inforeadingtokids.org,,http://www.readingtokids.org,,"Volunteer Time, Money, Food, Office Equipment, Prize Books, Miscellaneous Reading Club Materials, Cars "
Los Angeles Regional Food Bank,Mobilizing resources to fight hunger in our community.,"1734 East 41st St., Los Angeles, CA 90058",(323) 234-3030,,,http://www.lafightshunger.org/,,"Volunteer Time, Money, Food"
World Harvest Food Bank,"Providing food, basic staples and living essentials to people who are at risk of hunger and to the needy.","1014 Venice Blvd, Los Angeles CA 90003",(213) 746-2227,,,http://www.worldharvestfoodbank.org/,,"Food, Money, Volunteer Time"
Los Angeles Mission,"Providing help, hope and opportunity to men, women and children in need.","303 East 5th St., Los Angeles, CA 90013",(213) 629-1227,,homeless,https://losangelesmission.org,Christian,"Food, Money, Clothing, Personal Care Items"
Be an Elf,"Bringing a brighter, happier Christmas to thousands of underprivileged children and their families.","8117 W Manchester Ave., Suite 500, Playa del Rey CA 90293",(310) 577-9828,patrick2@beanelf.org,underprivileged children and their families,http://beanelf.org/,,"Volunteer Time, Donations, Gifts for Families and Children, Elves"
One Voice LA,"The food, toys, books and celebration provided by the One Voice volunteers bring much needed hope to families living in poverty that lasts well beyond the holiday season.","1228 15th St., Suite C, Santa Monica, CA 90404",(310) 458-9961,giftcards@onevoice-la.org,families living in poverty,http://onevoice-la.org/holiday-program,,"Food, Toys, Books, Volunteer Time, Donations Through Purchased Gift Cards and Food Baskets"
Children Youth and Family Collaborative,"Establishing partnerships with youth-centered organizations and community volunteers with youth in foster care and at-risk youth for the purpose of enhancing, supporting and providing a holistic approach for their educational, vocational and overall well-being.","1200 W. 37th Place, Los Angeles, CA 90007",(323) 730-9400,vcord@cyfcla.org,foster and at-risk youth in Los Angeles and Compton,http://cyfcla.org,,"Gift Wrappers, Buyers, Ushers/crowd Control, Servers, Registration"
Food on Foot,"Dedicated to providing the poor and homeless of Los Angeles with nutritious meals, clothing, and assistance in the transition to employment and life off the streets.","1625 N. Schrader Blvd., Los Angeles, CA",(310) 442-0088,info@foodonfoot.org,homeless,http://www.foodonfoot.org/,,"Volunteer Time, Money"
Fred Jordan Missions,"Christmas Celebration on Skid Row draws upwards of 12,000 needy children and their mothers.","445 Towne Ave., Los Angeles, CA 90013",(626) 915-1981,,homeless,http://www.fjm.org/news_events/past_events/thanksgiving_day.html,Christian,"Volunteer Time, Money, Food, Clothes"
Five Acres,"Promoting safety, well-being and permanency for children and their families by building on their strengths and empowering them within communities. ","760 W. Mountain View St., Altadena, CA, 91001",(606) 798-6793,jabghari@5acres.org,"children and families in need in Los Angeles, Ventura, Orange and San Bernardino, Riverside and San Diego.",http://www.5acres.org/events/help-this-holiday,,"Family Angels, Host a Holiday Toy Drive, Sponsor a Holiday Wish Tree "
Pacific Barber Shop,Offering free haircuts to anyone that brings in an unwrapped toy on Dec. 8 to sponsor the kids at Upward Bound.,"520 Wilshire Blvd. Santa Monica, CA 90401",(310) 394-6601,pacificbarbershop@gmail.com,homeless,,,Gift Donations
Los Angeles County Toy Loan,The Toy Loan Program allows children to borrow toys from a Toy Loan Center in the same manner in which they borrow books from the public library.,"2615 South Grand Ave., 2nd Floor, Los Angeles, CA 90007-2608",(213) 744-4344,dpssvolunteers@dpss.lacounty.gov,children in need,http://dpss.lacounty.gov/dpss/toyloan/default.cfm,,"Toys, Volunteer Time"
One Incredible Family,"Providing services to the communities of disadvantaged families, children, and individuals.","P. O. Box 2837 Culver City, CA 90231-2837",(310) 313-0123,oifhelpsla@aol.com,"disadvantaged families, individuals and communities",http://www.oneincrediblefamily.org/,,Volunteer Time
Children's Hospital Los Angeles,Providing families with lasting memories and also to offer gifts that will improve the quality of their lives. The gifts that we encourage will help families to manage the challenges associated with having a child who is in the hospital.,"4650 Sunset Blvd. Los Angeles, CA 90027",(323) 361-2308,rgrushkin@chla.usc.edu,Children's Hospital Los Angeles families,http://www.chla.org/site/c.ipINKTOAJsG/b.6538899/k.1D30/Holidays_from_the_Heart__Gifts_for_Families__Volunteer.htm,,"Gifts for Families of Patients, Sponsors, Volunteer Time, Gifts and Donations"
Holiday Project,"The Holiday Project is a national nonprofit organization comprised of thousands of volunteers who visit with thousands more people spending Christmas, Chanukah and other holidays during the year confined to hospitals, nursing homes and other institutions. ",,(202) 977-3007,nancy_gallery@yahoo.com,"Independent and Assisted Living, hospitals, psychiatric institutions, group homes, and even prisons.",http://www.holiday-project.org/index.html,,Volunteer Time
A Crystal Starr Christmas Foster Kids Benefit,"Hathaway-Sycamores Child and Family Services provides for more than 8,000 children and families annually through a network of facilities stretching across the greater Los Angeles area.","614 N. La Brea Ave., Los Angeles, CA, 90036",,Crystalstarrmusic@me.com,foster kids,http://acrystalstarrchristmas.webs.com/,,"Financial Contributions, Volunteer Time, Toys"
The Saban Free Clinic,The Saban Free Clinic’s Annual Patient Holiday Party is on Dec 13 from 12 to 3 p.m.,"1763 N. Gower St., Los Angeles, CA, 90028",(323) 782-7824,dfogelman@tsfc.org,"men, women, and children in need to health and human services",http://www.thesabanfreeclinic.org/,,Volunteer Time
Westside Food Bank,"Westside Food Bank supplies food to the food assistance programs of social service agencies in Santa Monica, Venice, Culver City, West Los Angeles, West Hollywood, Inglewood, and the LAX area.","1710 22nd St., Santa Monica, CA, 90404",(310) 828-6016,,"children, domestic abuse victims, poor, elderly",http://westsidefoodbankca.org/,,"Ganned Goods, Money"
Downtown Women's Center,"Provides permanent supportive housing and a safe and healthy community fostering dignity, respect, and personal stability, and to advocate ending homelessness for women. ","442 S. San Pedro St., Los Angeles, CA, 90013",(213) 680-0600,,homeless women,http://www.dwcweb.org/index.htm,,"Volunteer Time, Money, Gifts"
The Jewish Federation of Greater Los Angeles,"Convenes and leads the community and leverages its resources to assure the continuity of the Jewish people, support a secure State of Israel, care for Jews in need here and abroad, and mobilize on issues of concern to the local community, all with our local, national, and international partners.","6025 Valley Circle Blvd., Woodland Hills, CA, 91367",(323) 761-8000,,poor Jewish people,http://www.jewishla.org/,Jewish,Toys
The Gentle Barn,"Rehabilitates abused farm and domestic animals to become therapeutic ambassadors to at-risk youth, children with special needs, and school groups.","15825 Sierra Highway, Santa Clarita, CA",(661) 252-2440,,abused animals,http://www.gentlebarn.org/index.php,,"Volunteer Time, Money"
GenerationOn: Care Packages for our troops,Help by sending items to help troops cope with the weather.,"281 Park Ave. South, 6th Floor, New York City, N.Y. 10010",(917) 746-8182,info@generationOn.org,any U.S. soldier deployed abroad during the holidays,http://www.generationon.org/sites/default/files/flat-page/files/genon_carepackages_troops_edited.pdf,,List of Items Here: http://anysoldier.com/whattosend.cfm
Giving Children Hope,"Giving Children Hope provides for the welfare, health and self-esteem of Orange County Unified School District students who the McKinney-Vento act identifies as homeless.","8332 Commonwealth Ave., Buena Park, CA 90621",(714) 523-4454,dbryson@godaid.org,homeless children,http://www.gchope.org,,"Volunteer Time, Clothing Donations, Toys"
Union Rescue Mission,"Dedicated to helping the homeless men, women and children of the Skid Row area.","545 San Pedro St. Los Angeles, CA, 90013",(213) 347-6300,,homeless,http://urm.org/get-involved/volunteer/,,Volunteer Time
HOPE (Helping Other People Eat),HOPE’s mission is to restore hope to the homeless by providing meals and job help.,"503 Olympic Blvd., Santa Monica, CA 90406",(310) 801-3411,,homeless,http://www.friendsofchoices.org/site-hope/hope_help.htm,,"Volunteer Time, Canned Goods, Money"
Operation Gratitude,"Operation Gratitude care packages contain food, hygiene products, entertainment items and personal letters of appreciation, all wrapped with good wishes of love and support","16444 Refugio Rd, Encino, CA 91436",(262) 674-7281,cazerah@aol.com,"Wounded Warriors, Veterans and Deployed members of all Military branches: Army, Navy, Air Force, Marines, Coast Guard",http://www.operationgratitude.com/,,"Volunteer Time, Donations, Used Cell Phones"
A Place Called Home,A Place Called Home is a safe haven in South Central Los Angeles that serves low-income youth.,"2830 South Central Ave., Los Angeles, CA 90011",(323) 232-7653,volunteer@apch.org,youth,http://www.apch.org,,"Volunteer Time, Canned Goods "
Spiral Foundation,"Spiral Foundation helps people in Nepal and Vietnam, as well as refugees, create goods out of recycled materials and then sells those goods out of the founder's home in November and December.","211 Vance St., Pacific Palisades, CA 90272",(310) 459-6671,,Vietnam and Nepal,http://www.spiralfoundation.org,Asian,Money
A Community Of Friends,"A Community Of Friends is a provider of permanent supportive housing to individuals and families who struggle with mental illness, substance abuse, and physical disabilities to help stabilize these households and reintegrate back into society.","3701 Wilshire Blvd., Suite 700, Los Angeles, CA 90010",(213) 480-0809,,"mentally ill, disabled",http://www.acof.org/,,"Volunteer Time, Money"
AIDS Project Los Angeles,AIDS Project Los Angeles is a comprehensive service provider for L.A. County residents living with and at risk of HIV/AIDS who will assist 150 households move into permanent housing through the rapid re-housing program.,"611 S. Kingsley Drive, Los Angeles, CA 90005",(213) 201-1600,,AIDs victims,http://www.apla.org/,,Money
All Peoples Christian Center,"Tomorrow’s Leaders is an after school enrichment program providing academic and social development activities to promote educational success for 80 at-risk, middle school youth living in South Los Angeles.","822 East 20th St., Los Angeles, CA 90011",(213) 747-6357,,youth,http://www.allpeoplescc.org/,Christian,Volunteer Time
Ascencia,"Ascencia transitions chronically homeless adults into permanent housing with wrap around services and additional services that include psychiatry, trauma therapy, and stress reduction.","437 Fernando Court, Glendale, CA 91204",(818) 246-7900,,homeless,http://www.achieveglendale.org/,,"Volunteer Time, Money"
Asian Youth Center,"Serves the social services needs of youth and families, with a focus on Asian immigrants. Their programs enable those we serve to adapt and contribute to a multi-cultural society.","100 West Clary Ave., San Gabriel, CA 91776",(323) 225-5898,,Asian youth,http://www.asianyouthcenter.org/,Asian-American,Volunteer Time
Boys & Girls Club of Antelope Valley,Offers a place where children can find support and resources to discover and achieve their full potential.,"P.O. Box 10047, Los Angeles, CA 93584-2047",,,youth,http://www.avbgc.org/,,"Volunteer Time, Money"
Boys & Girls Club of Burbank and Greater East Valley,Provides an after school program - the Project Learn Program - which reinforces skills and knowledge that young people are learning at school.,"2244 N Buena Vista St, Burbank, CA 91504-3308",(818) 842-9333,,youth,http://www.bgcburbank.org/,,"Volunteer Time, Money"
Boys & Girls Club of San Fernando Valley,"Youth and family oriented organization dedicated to promoting the educational, vocational, social and character development of boys and girls between the ages of 7 and 18.","11251 Glenoaks Blvd, Pacoima, CA 91331",(818) 896-5261,,youth,http://http//www.bgcsfv.org/,,"Volunteer Time, Money"
Boys & Girls Club of Venice,"Boys and Girls Club of Venice works to enable all young people, especially those who need us most, to reach their full potential as productive, caring, responsible citizens. They will be working with Mark Twain Middle School students to provide homework help and tutoring, career planning, and case management.","2232 Lincoln Blvd., Venice, CA, 90291",(310) 390-4477,,youth,http://www.bgcv.org/,,"Volunteer Time, Money"
Boys & Girls Club of West San Gabriel Valley,"The goal of the Boys & Girls Club of West San Gabriel Valley is  to provide every child with the essential tools needed for a successful and bright future. Providing a comprehensive program that helps at-risk students successfully transition from middle to high school and increases postsecondary options and college prep, while educating parents to become better informed regarding their children’s academic pursuits. ","328 South Ramona Ave, Monterey Park, CA 91754",,amiranda@wsgvbgc.org,youth,http://www.wsgvbgc.org/,,"Volunteer Time, Money"
Boys & Girls Club of Whittier,"The Boys and Girls Club of Whittier will continue to create Pathways out of Poverty for more than 2,000 Club members. Through Goals For Graduation, 250 middle schoolers will receive a minimum of five hours per week of additional academic and enrichment support through the Boys & Girls Club of Whittier.","7905 S. Greenleaf Ave., Whitter, CA 90602",(562) 945-3787,,youth,http://www.bgcw.org/,,"Volunteer Time, Money"
Boys & Girls Clubs of Carson,The Boys & Girls Clubs of Carson’s AIM (Achievement In Middle School) Program provides targeted programs and activities that attract and engage middle school youth. AIM provides support and resource to help prepare middle school youth for success in high school and assists them with the transition.,"1950 E. 220th St. Suite 102, Long Beach, CA 90810",(310) 522-0500,,youth,http://www.bgccarson.org/,,"Volunteer Time, Money"
Boys & Girls Clubs of the Los Angeles Harbor,"Boys and Girls Club of the LA Harbor’s mission is to enable all young people, especially those that need us the most, College Bound will provide 1,100 youth (grades 6 – 12) with academic case management, academic support, and a variety of resources and college pathway activities.","1200 S. Cabrillo Ave., San Pedro, CA 90731",(310) 833-1322,,youth,http://www.bgclaharbor.org/,,"Volunteer Time, Money"
Boys & Girls Clubs of the South Bay,"The Boys & Girls Clubs of the South Bay’s (BGCSB) Club College provides students (6th to 12th grade) and their parents with the necessary tools, information, and support to successfully transition from middle school to high school and prepares them for success after high school graduation.","1220 West 256th St. Harbor City, CA 90710",(310) 534-0056,,youth,http://www.southbayclubs.org/,,"Volunteer Time, Money"
"Catholic Charities of Los Angeles, Inc.","Provides clients with job skills training, employment support, job retention coaching and guidance leading to sustainable careers in allied health professions where they will have opportunities for growth and advancement.","1531 James M. Wood Blvd., Los Angeles, CA 90015",(213) 251-3400,,poor,http://www.catholiccharitiesla.org/,Catholic,Money
Child & Family Guidance Center,Supports vulnerable children and low-income families that face major barriers to self-sufficiency.,"9650 Zelzah Ave., Northridge, CA 91325",(818) 993-9311,,poor children and families,http://www.childguidance.org/,,Money
Children's Bureau of Southern California,"The partnership between Children’s Bureau and Right Way Foundation helps to create a true pathway out of poverty for the Magnolia neighborhood by providing training and support to secure living-wage jobs in careers such as healthcare, energy efficiency, transportation and bioinformatics.","1910 Magnolia Ave., Los Angeles, CA 90007",,,,http://www.all4kids.org/,,"Volunteer Time, Money, Gifts"
Communities for Teaching Excellence,"Communities for Teaching Excellence is a new national initiative with the mission of improving students’ academic achievement and their future outcomes by empowering communities to advocate for an effective teacher for every student, in every classroom, every year.","448 South Hill St., Suite 408, Los Angeles, CA 90013",,,youth,http://4teachingexcellence.org/who-we-are/our-communities/los-angeles-ca,,Volunteer Time
Community Coalition,"Community Coalition works to help transform the social and economic conditions in South L.A. that foster addiction, crime, violence and poverty by building a community institution that involves thousands in creating, influencing and changing public policy.","8101 S. Vermont Ave., Los Angeles, CA 90044",(323) 750-9087,,South Los Angeles,http://www.cocosouthla.org/,,"Volunteer Time, Money"
"Door of Hope, Inc.","Headquartered in Pasadena, Door of Hope provides rapid rehousing and housing placement services to homeless families throughout the San Gabriel Valley in partnership with Union Station Homeless Services and other San Gabriel Valley agencies.","P.O. Box 90455, Pasadena, CA 91109-8964",,anne@doorofhope.us,homeless,http://www.doorofhope.us/,,Volunteer Time
Families In Schools,Involves parents and communities in their children’s education to achieve lifelong success.,"1545 Wilshire Blvd., Suite 700, Los Angeles, CA 90017",(213) 201-3900,,youth,http://www.familiesinschools.org/,,Volunteer Time
"Harbor Interfaith Services, Inc.  ","Provides immediate relief to homeless families in South Bay through temporary residential facilities and assists these families in transition into permanent housing through rental assistance, financial coaching, and housing placement services.","670 W. Ninth St., San Pedro, CA 90731",(310) 831-0589,,homeless,http://www.harborinterfaith.org/,Interfaith,Money
Heart of Los Angeles Youth,"Helps middle school students through integrated programming which emphasizes commitment to academics, leadership, team building, and self expression.","2701 Wilshire Blvd., Suite 100, Los Angeles, CA 90057",(213) 389-1148,,children,http://www.heartofla.org/,,"Volunteer Time, Money"
Homes for Life Foundation,"Provides an expanded network of permanent, affordable, service-enriched housing within the geographic boundaries of Los Angeles County for homeless individuals who suffer from chronic mental illness.","8939 S Sepulveda Blvd., Suite 460, Los Angeles, CA 90045-3653",(310) 337-7417,info@homesforlife.org,homeless,http://homesforlife.org/,,Money
Imagine LA,"Mobilizes volunteers from the faith community to end family homelessness. “Budget Mentors” work with families to help ensure a successful transition to permanent housing. Each family is provided regular coaching and supports in the areas of budgeting, credit repair, meal-planning, record-keeping, banking, and tax preparation.","5455 Wilshire Blvd., Suite 1001, Los Angeles, CA 90036",(323) 944-0210,lisa@imaginela.org,homeless families,http://www.imaginela.org/,Christian,"Volunteer Time, Canned Goods, Money"
InnerCity Struggle,Educates and empowers students & parents to be agents of change in addressing educational inequities in their communities. Their goal is to ensure that all Eastside students graduate HS and are prepared for college and the 21st century workforce.,"124 North Townsend Ave., Los Angeles, CA 90063",(323) 780-7605,,children,http://www.innercitystruggle.org/,,Volunteer Time
Koreatown Youth and Community Center (KYCC),"Provides intensive financial case management and a range of tools like Ramp-Up savings, certified tax preparation, and small business counseling to help grow assets. It also offers youth-oriented financial education and savings programs.
","3727 W. 6th St. Suite 300, Los Angeles, CA 90020",(213) 365-7400,,children,http://www.kyccla.org/,Koreatown area,Volunteer Time
Lamp Community,"Provides permanent supportive housing to residents facing many social challenges such as mental health, substance abuse disorder, or dual-diagnosis, their New Lease on Life Permanent Supportive Housing Program links clinical and social services for more than 350 homeless and chronically homeless adults each year.","526 San Pedro St., Los Angeles, CA 90013",(213) 488-9559,,,http://www.lampcommunity.org/,,"Volunteer Time, Money"
Los Angeles Urban League,"Enable African Americans and other minorities to secure economic self-reliance, parity, power and civil rights through advocacy activities and the provision of programs and services in our uniquely diversified city and region.","3450 Mount Vernon Drive, Los Angeles, CA 90008",,,poor,http://www.laul.org/,African American,"Volunteer Time, Money"
Peace Over Violence,"Assists formerly incarcerated, homeless women reintegrate back into society and secure permanent housing through case management, 12-step recovery, family reunification, and legal assistance.","1015 Wilshire Blvd., Suite 200, Los Angeles, CA 90017",(213) 955-9090,,"ex-convict women, homeless women",http://www.peaceoverviolence.org/,,Money
Inner-City Arts,"Inner-City Arts is an oasis of learning, achievement and creativity in the heart of Skid Row, and a vital partner in the work of creating a safer, healthier Los Angeles.","720 Kohler St. Los Angeles, CA 90021  ",(213) 627-9621,,youth,http://inner-cityarts.org/,,"Money, Volunteer Time"
LA Junior Chamber of Commerce,"Empowers young professionals of Greater Los Angeles, ages 21-40, through professional enrichment, leadership development and community service.","750 East 49th St. Los Angeles, CA 90011",(213) 680-8017,kquick@lajcc.org,kids,http://www.lajcc.org,,Volunteer Time
Inside Out Community Arts,Inside Out’s programs were developed in response to a need for violence-prevention after school programs for middle school youth following the Los Angeles civil unrest of 1992.,"608 Venice Blvd., Venice, CA 90291",(310) 397-8820,ldeck@insideoutca.org,"low income, at-risk children",http://www.insideoutca.org,,"Volunteer Time, Money, Donate Professional Services; Production/ Event Support"
Foundation for Second Chances,"The Foundation for Second Chances' mission is to utilize hands-on education, mentoring, health, awareness and community service to maximize the potential of youth.","453 South Spring St., Suite 839, Los Angeles, CA 90013",(213) 627-1745,,"children, youth",http://www.ffscinc.org,,Volunteer Time
The Children's Clinic,"Offers daily, full service health care with primary care services for children, adolescents and adults.","2790 Atlantic Ave., Long Beach, CA 90806",(562) 264-4656,hpace@thechildrensclinic.org,"uninsured/underinsured families, homeless families, children",http://www.thechildrensclinic.org/,,"Money, Toys (Gifts), Youth and Children's Books"
The Midnight Mission,"Offers a bridge to self-sufficiency for homeless  people through counseling, education, training and job placement and to make available the necessities of life to homeless people: food, shelter, clothing, personal hygiene needs, and medical care.
","601 South San Pedro St., Los Angeles, California 90014 ",(213) 624-9258,,"homeless families, children",http://www.midnightmission.org,,"Volunteer Time, Money, Gifts for Families and Children, Clothes and like-new household items, Food"
St. Vincent Meals on Wheels,Prepares and delivers nutritious meals to homebound seniors and other vulnerable residents across Los Angeles.,"2131 West Third St., Los Angeles, CA 90057",(213) 484-7494,volunteers@stvincentmow.org,"elderly, homeless",http://www.stvincentmow.org/,"Catholic, Christian","Volunteer Time, Financial Contribution"
Cause for Celebration,Cause for Celebration provides birthday parties to low income children and families.,"P.O. Box 78805, Los Angeles, CA 90016",(323) 455-4235,,"children, youth, homeless, women",http://www.cause4celebration.org,,
Union Station Homeless Services,"Union Station Homeless Services' mission is to help, men, women and children rebuild their lives and end homelessness. Union Station operates seven programs to help homeless adults and families achieve self-sufficiency.","825 East Orange Grove Blvd., Pasadena, California 91104",(626) 240-4550,volunteer@unionstationhs.org,"homeless families, children",http://www.unionstationhs.org/,,"Financial Contributions, Volunteer Time"
The Help Group,"Serves children with special needs related to autism spectrum disorders, learning disabilities, ADHD, developmental delays, abuse and emotional problems.","13130 Burbank Blvd. Sherman Oaks, CA 91401",(818) 779-5212,,"children with special needs such as autism spectrum disorders, learning disabilities, ADHD, developmental delays, abuse and emotional problems",http://www.thehelpgroup.org,,"Financial Contributions, Volunteer Time, Toys for Toy Drive"
Los Angeles Christian Health Centers,"Provides medical and dental services with clinical service sites in Skid Row, East Los Angeles and in 12 partner locations throughout South Los Angeles County. Volunteers include doctors, nurses, dentists, optometrists, and students from various Los Angeles medical centers.","311 Winston St., Los Angeles, CA 90013",(213) 893-1960,cbarnes@lachc.com,homeless,http://www.lachc.com/,Christian,"Volunteer Time, Clothing Donations, Financial Contributions, Toiletries, Medical Supplies"
Food Forward,This organization goes into people's backyards to pick fruit that will be donated to local food banks. They also collect unsold produce from farmers markets to feed Angelenos in need.,"7412 Fulton Ave., No 3, North Hollywood, CA 91605",(323) 791-5250,max@foodforward.org,"homeless, hungry",http://www.foodforward.org,,Volunteer Time
United Friends of the Children,"United Friends of the Children is a nonprofit organization dedicated to bettering the lives of foster children and to supporting former foster youth in their journey to become successful, independent adults. Through their programs, advocacy efforts, and direct involvement with youth, UFC seeks to be a catalyst for change.","1055 Wilshire Blvd., Suite 1955, Los Angeles, CA 90017",(213) 580-1850,,"foster children, homeless",http://www.unitedfriends.org,,"Volunteer Time, Financial Contributions "
Tree People,"Inspires, engages and supports people to take personal responsibility for the urban environment, making it safe, healthy, fun and sustainable and to share the process as a model for the world.","12601 Mulholland Drive, Beverly Hills, CA 90210",(818) 753-4600,info@treepeople.org,the environment,http://www.treepeople.org/,,"Volunteer Time, Financial Contributions, Tree Dedications, Cars"
National Council of Jewish Women/ Los Angeles,"Inspired by Jewish values, NCJW strives for social justice by improving the quality of life for women, children, and families and by safeguarding individual rights and freedoms.","543 N. Fairfax Ave., Los Angeles, CA 90036",(323) 651 2930,info@ncjwla.org,"Jewish women, children, families ",http://ncjwla.org,Jewish,"Volunteer Time, Clothing, Cars, Thrift Items"
Venice Family Clinic,"Provides free, quality health care to people in need. Their Holiday Literacy Event is Dec. 26-28.","2509 Pico Blvd, Santa Monica, CA",(310) 664-7532,ITrejo@mednet.ucla.edu,pediatric patients,http://www.venicefamilyclinic.org/,,Volunteer Time
Connections for Children: Holiday Gift Program,Help children reach their full potential by supporting families' access to high quality child care and education.,"2701 Ocean Park Blvd., #253, Santa Monica, CA 90405",(310) 452-3325,lisad@cfc-ca.org,"low-income families, children",http://cfc-ca.org/,,Volunteer Time
Los Angeles Christian Health Centers,"Provides quality, comprehensive healthcare to the homeless and underserved in Los Angeles.","311 Winston St., Los Angeles, CA 90013",(213) 893-1960,tantelo@lachc.com,homeless and public housing residents,http://www.lachc.com,,"Volunteer Time, Financial Contributions, Medical Supplies"
The Eli Home,,"1175 N. East St., Anaheim, CA 92805",(714) 300-0600,,"homeless, abused and neglected children and their mothers",http://www.elihome.org,Christian,"Canned Goods, Clothing, Financial Contributions, Car Donations, Christmas Gifts for Moms and Children. Gently Used Items for Resale in Their Thrift Store."
The Children's Lifesaving Foundation,"Dedicated to positively transforming the lives of LA's at-risk, very low-income and homeless youth & families.","1112 Montana Ave., #534, Santa Monica, CA 90403",(310) 450-3701,,"homeless, at-risk youth",http://www.childrenslifesaving.org,,Money
The Gumball Foundation,Foundation forms partnerships with businesses and schools to have kids involved with the Gumball Foundation take over stocking of their vending machines.,"P.O. Box 32211, Los Angeles, CA 90032",,,underprivileged high school kids planning on going to college,http://gumballfoundation.org/,,Money
Lake Ave  Community Foundation Mentoring Program,Acquires and provides resources in support of a wide variety of programs assisting low income and disadvantaged families in Northwest Pasadena.,"712 E. Villa St., Pasadena, CA 91101-1244",(626) 817-4507,,"children, teens",http://www.lakeavefoundation.org/mentoring/process-to-become-a-mentor/,Christian,"Volunteer Time, Financial Contributions, Guitars"
Zooh Corner,Zooh Corner is a San Gabriel-based rabbit rescue organization that fosters orphan rabbits and helps spay and neuter rabbits.,"7262 Rosemead Blvd., San Gabriel CA 91775",,zoohgirl@me.com,"rabbits, rabbit owners",http://www.mybunny.org/index.html,,"Volunteer Time, Financial Contributions"
"Santa Monica-Venice Christmas Run, presented by Harvest Home","Provides a warm, stable environment where women facing a crisis pregnancy can seek refuge.","2600 Barnard Way, Santa Monica, CA 90405",(213) 627-8484,michelle@jive-live.com,pregnant women,http://www.christmasrun.com/,,"Runners, Volunteer Time"
Christian Outreach in Action,Teaches the disadvantaged the skills necessary to reach and sustain stability and self-sufficiency and to prevent homelessness.,"515 East Third St., Long Beach, CA 90802",(562) 432-1440,,children,http://www.coalongbeach.org/,Christian,Elves and Volunteer Time for Dec. 22 Christmas Party
"Arts & Services for Disabled, Inc.","Provides life-long learning, community service and career opportunities through the creative arts for people with disabilities in an environment of warmth, encouragement and respect.","3626 E. Pacific Coast Highway, Long Beach, CA 90804",(562) 982-0247,,individuals with disabilities,http://www.artsandservices.org/,,
Westside Food Bank: Santa Monica pub crawl,"Volunteers will help manage the lines of participants waiting to check in, process preregistered participants, take payments from new participants, distribute wristbands, sell Santa hats and collect donations.","1710 22nd St., Santa Monica, CA 90404",(323) 330-9559,smpcrawl@gmail.com,individuals and families in need,http://www.santamonicapubcrawl.com/,,Volunteer Time 21 & Over Are Needed on Dec. 15.
Esperanza Community Housing Corporation,"Addresses issues of affordable housing, health, education, and economic development in the Figueroa corridor.","2337 S. Figueroa St., Los Angeles, CA 90007",(213) 748-7285,nancy@esperanzacommunityhousing.org,"families,children, women & seniors",http://www.esperanzacommunityhousingcorporation,Latinos,"Volunteer Time, Canned Goods , Clothing Donations, Financial Contributions, Toys (Gifts)"
Jumpstart,Prepares young children through active and intense work with college students and volunteers to start school ready to learn.,"1625 W. Olympic Blvd. No. 1050, Los Angeles, CA 90015",(310) 387-8738,gary.jimenez@jstart.org,young children,http://www.jstart.org,multicultural,"Volunteer Time, Financial Contributions, Car Donations, Toys (Gifts)"
Westside Family Health Center,"Offers excellent health and dental care to poor, uninsured patients in a dignified and comprehensive manner.","1711 Ocean Park Blvd., Santa Monica, CA 90405",(310) 450-4773 x254,cbernstein@wfhcenter.org,"families,children, homeless, vets, women",http://www.wfhcenter.org,multicultural population,"Volunteer Time, Clothing Donations, Financial Contributions, Car Donations"
A Window Between Worlds,Uses art to help end domestic abuse against women and children.,"710 4th Ave., Venice, CA 90291",(310) 396-0317,info@awbw.org,"women, children; victims of domestic abuse",,No,"Volunteer Time, Clothing Donations, Financial Contributions"
Train 4 Autism,"Dedicated to bringing together a community of athletes, physically active, and socially conscious people who are committed to raising awareness and funds for research and treatment for those living with Autism and their families.","904 Silver Spur Rd., No. 373, Rolling Hills Estates, CA 90274",(800) 794-0831,mollyrearick@train4autism.org,families affected by Autism,www.train4autism.org,none,"Volunteer Time, Financial Contributions"
City of Angels Ballet,Dedicated to preserving the quality and integrity of classical ballet.,"3350 Wrightview Place, Studio City, CA 91604",(323) 661-1520,cityofangelsballet@gmail.com,talented youth from some of the most underserved communities in Los Angeles,http://www.cityofangelsballet.org/,,"Donations, Aid in Spreading the Word About the Ngo"
Charitable Children's Guild,"Operates the ""It's A Bargain: Thrift Shop located on the Downtown campus at 2400 South Flower Street.","2400 South Flower St., Los Angeles, CA 90007",(213) 742-1533,,"children, elderly, poor",http://www.orthohospital.org/about_support_CCG.php,UCLA,"Donations, Volunteer Time, Clothes"
Operation Shoes from Santa,"Donate a new pair of shoes for underprivileged school age children. Please drop off in bins at Olympic Area watch commanders office. Olympic officers and Santa will distribute shoes to children at LAPD's Olympic Station on Dec. 20 at 6pm.

","1130 S. Vermont Ave., Los Angeles, CA 90006",(213) 382-9141,,underprivileged children,,Los Angeles Police Dept.,Shoes
Project Angel Food,"Nourishes the body and spirit of men, women and children affected by HIV/AIDS, cancer, and other life-threatening illnesses.","922 Vine St., Los Angeles, CA 90038",(323) 845-1816,volunteers@angelfood.org.,"men, women and children affected by HIV/AIDS, cancer, and other life-threatening illnesses",http://www.angelfood.org/,,Volunteer Time
For Women Only Inc,Promotes and supports the pursuit of higher education for female former foster youth ages 18 to 22 in South Los Angeles.,"532 West 55th St
Los Angeles CA 90037-4006",(323) 250 3537,jimmylucas@forwomenonlyincla.org,former foster and probation youth ages 18-22 to pursue their academic goals,http://www.forwomenonlyincla.org/,,Volunteer Time Specifically for Event
Illumination Foundation,Bridges the gap in existing services for the most underserved to break or prevent the cycle of homelessness.,"Main Headquarters
2691 Richter Ave, Suite 107
Irvine, CA 92606",(949) 273-0555,sover@ifhomeless.org,individuals and families that are homeless or in a state if poverty,http://www.ifhomeless.org/,,Volunteer Time
Holiday Teen Gift Drive (presented by Angel's Flight of Catholic Charities LA),"Committed to manifesting Christ’s spirit by collaborating with diverse communities, providing services to the poor and vulnerable, promoting human dignity and advocating for social justice.","357 S. Westlake Ave. 
Los Angeles, CA 90057",(213) 251-3400,info@CatholicCharitiesLA.org,runaway teens,http://www.catholiccharitiesla.org,catholic,"Sporting Equipment, Art Supplies, School Supplies, Clothing and Toiletries."
Wisdom Academy for Young Scientists,"Provides a stimulating and engaging learning environment that recognizes student capabilities, foster their connectedness to their immediate and broader communities, and offer them ways to contribute to school life.","7651 South Central Ave.
Los Angeles, CA 90044",(323) 537-8194,,students,http://wisdomacademy.org/,,"Financial Contributions, Guest Speakers and Volunteer Time."
Angel City Pit Bulls,"Dedicated to creating a better future for pit bulls by promoting their positive image as loving family companions through education, public advocacy, adoptions and responsible pet ownership.","Los Angeles, CA  90019",,VOLUNTEER@angelcitypits.org.,"pitbulls, animals, dogs",http://www.angelcitypits.org/,,"Volunteer Time, Donations."
Lange Foundation,"Dedicated to saving homeless and abandoned pets, and preparing them for a journey to a new, safe, loving world.","2106 S. Sepulveda Blvd.,
Los Angeles, CA 90025",(310) 473-5585,langevolunteer@gmail.com,homeless and abandoned pets,http://www.langefoundation.com/,,"Money, Buying a Gift of Life Car, Sponsor, Foster, or Volunteer."
Soldiers' Angels,"Provides aid and comfort to the men and women of the United States Army, Marines, Navy, Air Force, Coast Guard, and their families and to enable our volunteers to improve the lives of a growing veteran population.","1792 E Washington Blvd., 
Pasadena, CA 91104",(626) 529-5114,"
   adoptionsteam@soldiersangels.org","Army, Marines, Navy, Air Force, Coast Guard personnel, military families ",http://soldiersangels.org/,,"Donations, Adoptions/sponsoring Soldier And/or His or Her Family, Volunteer Time"
Martha's Village & Kitchen,"Martha’s Village & Kitchen is one of the largest providers of homeless services in Riverside County, and is a full-service center designed to offer a helping hand to the most vulnerable among us.","83-791 Date Avenue, Indio, CA 92201",(760) 347-4741,marthas@neighbor.org,"homeless, children, veterans, indigent, working poor, domestic abuse victims",http://marthasvillage.org/new/index.html,Roman Catholic,"Volunteer time, Canned goods , Clothing donations, Money, Car donations, Toys (Gifts)"
Coachella Valley Rescue Mission,"Serves those in need of recovery due to loss of job, home, health, emotional, mental or spiritual support, or physical or substance abuse.","47470 Van Buren Street, Indio, CA 92202",(760) 347-3512,info@cvrm.org,"homeless, children, veterans, anyone in neeed",http://www.cvrm.org,Christian,"Volunteer time, Canned goods, Gifts"
Pasadena Educational Foundation,"Supports, enhances and supplements the programs, initiatives and priorities of the Pasadena Unified School District.","351 South Hudson Avenue #153, Pasadena, CA  91101",(626) 396-3625,pef@pasedfoundation.org,"students, teachers",http://www.pasedfoundation.org,,"Volunteer time, Money, Gifts"
Jenesse Center Inc.,"Provides victims of domestic violence with a comprehensive, centralized base of support to assist them in addressing their immediate crisis and changing the patterns of their lives.","3761 Stocker Street, Los Angeles, CA 90008",(323) 299-9496  ,mhudson@jenesse.org,women and children ,https://jenesse.org/,,"Volunteer time, donations, resources such as school supplies & household items"
Mika Community Development Corporation,"Identifies and equips leaders in low-income neighborhoods to build communities that create parks and do neighborhood clean up days and start community centers, etc.","1718 Monrovia Ave. Costa Mesa, CA 92627",(949) 645-0075,,residents of low income neighborhoods in Costa Mesa,http://www.mikacdc.org,"Christian, Hispanic","Volunteer time, Money"
UCLA Volunteer Center,"Inspires the more than 400,000 members of the extended UCLA family, as well as the community at large, to create social change through lifelong participation in volunteer programs and civic engagement.","10920 Wilshire Blvd. Ste. 1500, Los Angeles, CA 90024",,,Students,http://volunteer.ucla.edu,,"Volunteer time, Money"
Dress for Success Worldwide - West,"Promotes economic independence for disadvantaged women by providing professional attire, a network of support and career development tools to help women thrive in work and in life.","1680 N. Vine Street Suite 900 Los Angeles, CA  90028",(323) 461-1021,,disadvantaged women all over Los Angeles,http://www.dressforsuccess.org/worldwidewest,,Money
Beagle Freedom Project,Rescue beagles used in animal experimentation in research laboratories and give them a chance at life in a loving forever home.,"4804 Laurel Canyon Blvd. #534, Valley Village, CA 91607",(323) 371-5971,,"dogs, pets",http://beaglefreedomproject.org/,,"Volunteer time, Money"
The Children's Lifesaving Foundation,Works year-round to provide services to at-risk youth and their families — from after school tutoring to surf camp to holiday parties.,"1112 Montana Avenue #534, Santa Monica, CA 90403",(310) 450-3701,,homeless and at-risk youth and their families in L.A.,http://www.childrenslifesaving.org,,"Volunteer time, Money"
Help for Brain Injured Children,Students receive daily therapy and stimulation to in order to give them the best chance for improvement. During the holidays the teachers and volunteers work very hard to put on an annual benefit to drum up support for the school.,"981 N. Euclid Street, La Habra, CA 90631",(562) 694-5655,,children and young adults with brain injuries and disabilities,http://www.hbic.org,,"Volunteer time, Money"
Nest Feathers,Provides professional interior design services and resources to facilities that serve people/families in transition.  Their current project is making over a 3 bedroom apartment for the Jenesse Center.,"4480 W 132nd Street, Hawthorne, CA 90250",(310) 489-0243,,homeless and their families and/or people in transition,http://www.nestfeathers.org,,"Volunteer time, Money"
Just Detention International,Seeks to end rape and sexual abuse in all forms of detention.,"3325 Wilshire Blvd, Suite 340, Los Angeles, CA 90010",(424) 230 4540,,survivors of sexual assault in prison and detention.,http://www.justdetention.org,,"Volunteer time, Money"
Greater West Hollywood Food Coalition,"The Greater West Hollywood Food Coalition, a broad-based grass-roots organization, has for the past 25 years has served a hot, fresh, and nutritious meals to the homeless and hungry."," Romaine St & N Sycamore Ave Los Angeles, CA 90038",,,Homeless,http://gwhfc.org/,,"Volunteer time,      8 3/4″ hard cardboard plates     10 ounce styrofoam cups     heavy plastic forks a sustainable supply of healthy (unsweetened) juice."
CoachArt,CoachArt improves the quality of life for children with chronic and life-threatening illnesses and their siblings by providing free lessons in the arts and athletics. CoachArt matches patients for weekly lessons with qualified volunteer mentors. ,"3303 Wilshire Blvd., Suite 320, Los Angeles, CA 90010",(213) 736-2850,stephanie@coachart.org,Chronically-ill children,http://www.coachart.org,,"Volunteer time, Financial contributions"
LA County Marriage Ceremony Volunteer Program,"Beginning in 1997, volunteers began performing civil wedding ceremonies at the department's headquarters in Norwalk where a wedding chapel is located. Volunteers now perform ceremonies in the County's branch offices, as well as the department's headquarters in Norwalk. This very successful, award-winning volunteer program provides citizens from all walks of life the opportunity to volunteer in public service while saving taxpayers money.","12400 Imperial Highway,
Norwalk, CA 90650",(562) 462-2081,,engaged and newlyweds,http://rrcc.lacounty.gov/clerk/marriages.cfm,,Volunteers to perform marriage ceremonies
Grandma’s House of Hope,Provides transitional care for women in crisis and hungry children in Orange County. ,"1505 East 17th St. Suite #116,
Santa Ana, CA 92705",(714) 558-8600,info@grandmashouseofhope.org,children who live in the area's motels,http://grandmashouseofhope.org/,,"Volunteer time, Financial donations"
NATHA Rebuilds,"NATHA serves the low-income, largely minority Lincoln Corridor of Northwest Pasadena with youth development programs.",,(626) 794-5889,cmwalker@natha.org,minority youth in the Lincoln Corridor of Northwest Pasadena,http://natharebuilds.org/,,"NATHA is in need of supplies for our after-school enrichment and tutoring programs including new books, board games, puzzles, drawing paper, paint and brushes, 
washable markers, and gift cards to local art and school supply stores."
Richstone Family Center,"The Richstone Family Center is dedicated to preventing and treating child abuse, strengthening families, and preventing violence in families, schools and communities.","13634 Cordary Ave, Hawthorne, CA 90250",(310) 970-1921,atanaka@richstonefamily.org,children & families in need,www.RichstoneFamily.org,,"Volunteer time, Clothing donations, Financial contributions"
Spark-LA,Providing life-changing apprenticeships to youth in underserved communities. ,"315 West 9th Street, Suite 1009 Los Angeles, CA 90015",(213) 344-­4843  ,losangeles@sparkprogram.org,low-income middle school students,http://www.sparkprogram.org/ ,,"Volunteer time, Financial contributions"
Minds Matter of Los Angeles,Transforming the lives of accomplished high school students from low-income families by broadening their dreams and preparing them for college success,"19360 Rinaldi Street #705 , Porter Ranch CA 91326",,info@mindsmatterla.org,High school students from low-income families,www.mindsmatterla.org,,"Financial contributions, Volunteer time - especially tutors with a background in writing and critical thinking, mathematics, standardized Test Preparation (SAT, PSAT etc.), curriculum development, program leadership. For more information, see their website."
Constitutional Rights Foundation,"CRF is a nonprofit, non-partisan, organization dedicated to educating America's young people about the importance of civic participation in a democratic society. Through CRF's programs and materials, CRF help's young people to become active and informed citizens. ",601 S. Kingsley Drive Los Angeles CA 90005,(213) 316-2128,laura@crf-usa.org,K-12 students and teachers,www.crf-usa.org,"Donations, companies and law firms to host highs school interns (expanding horizons internship program), attorneys and judges to coach and score our  mock trial program.","Volunteer time, Financial contributions"
Handmade Especially For You,Handmade Especially For You wants every woman who comes into a shelter to receive a comfort scarf for leaving an abusive situation. Leaving an abusive environment is a huge step for the woman who takes it.,"30065 Grandpoint Lane, Rancho Palos Verdes, CA  90275",(310) 547-3673,handmade.leslye@gmail.com,Abused women in shelters,http://www.handmadeespecially.org/,,Volunteers to do administrative tasks as well as volunteers to knit scarves 
Los Angeles Homeless Services Authority,"The mission of LAHSA is to ""support, create and sustain solutions to homelessness in the City and County of Los Angeles by providing leadership, advocacy, planning and management of program funding.""","811 Wilshire Blvd., Los Angeles, CA 90013",(213) 683-3333,volunteer@lahsa.org,homeless,www.theycountwillyou.org ,,Volunteer time
Working Wardrobes,"Working Wardrobes empowers men, women, young adults and veterans overcoming difficult challenges to confidently enter the workforce and achieve self-sufficiency. They provide career training, job placement assistance and wardrobe services in an environment of dignity and respect.","3030 Pullman, Costa Mesa, CA 92626",(714) 210-2460,JerriR@WorkingWardrobes.org,"women, men, veterans, high school students",workingwardrobes.org,,"Volunteer time, Clothing donations, Financial contributions, Professional services"
CASA of Los Angeles,The mission of CASA of Los Angeles is to improve the lives of foster children with trained volunteer advocates. A Court Appointed Special Advocate (CASA) is appointed by a judge to advocate for the best interests of a foster child.,"201 Centre Plaza Drive, Suite 1100, Monterey Park, CA 91754-2142",(323) 859-2888,volunteer@casala.org,Children in foster-care,http://casala.org,,"Volunteer time, Financial contributions"
Pasadena-Altadena Community Youth Association ,"MLK Day of Service Feeding the Homeless: Volunteers will meet up on Martin Luther King Jr. Day -- Jan 21, 2013 at 12:30 p.m. for training and food set-up in the downtown Los Angeles community of skid row at the VOA-Accecss Center."," 628 S.San Julian St, Los Angeles, CA 90014",,,Homeless,,,Volunteer time
AmeriCorps  Beach Clean Up - MLK Day of Service 2013,"The Building Healthy Communities Long Beach AmeriCorps Project is hosting a MLK Day of Service community cleanup near Bluff Park on January, 21st, 2013, from 9am to 3pm.","Bluff Park, Ocean blvd & Junipero Ave, Long Beach, CA 90802",,,Homeless,http://www.americorps.gov/,,Volunteer time
Los Angeles Regional Foodbank,"The mission of the Los Angeles Regional Foodbank is to mobilize the resources of our community to fight hunger, the causes of hunger and the problems related to hunger. Join them for a MLK Day of Service Event.","1734 East 41st Street, Los Angeles, CA 90058",(323) 234-3030,,Homeless,http://www.lafightshunger.org/,,Volunteer time
Big Sunday National Day of Service Clothing Drive,"Big Sunday's mission is to build community through community service. Their volunteers come from all kinds of neighborhoods, and work in all sorts of neighborhoods, too. The idea is that everyone has some way that they can help somebody else. Join them for a MLK Day of Service Event.","6111 Melrose Ave, Los Angeles, CA 90038",(323) 549-9944,,Homeless,http://www.bigsunday.org,,"Volunteer time, Clothing donations"
L.A. Works' 2013 MLK Jr. Day of Service Event Coordinators,"Take the lead in coordinating Los Angeles' biggest service day of the year: L.A. Works' MLK Day of Service. This is an exciting opportunity for anyone who loves organizing, planning and taking charge. Gain some leadership experience, learn how to delegate and manage volunteers, get creative and problem solve. L.A. Works is a nonprofit, volunteer action center that empowers Angelenos to address pressing social issues through volunteerism and community collaborations.","3010 Estara Avenue, Los Angeles, CA",(323) 224-6510,,"Homeless, L.A. Community, Youth",http://www.laworks.com,,Volunteers
Found Animals Foundation,Found Animals Foundation's mission is to minimize the number of homeless animals euthanized in Los Angeles area shelters. ,"PO Box 66370, Los Angeles, CA 90066",(310) 574-5323,,"Pets, community",http://www.foundanimals.org,,Volunteer time